Start,End,Sequence,pval.adj.magnitude.delta.d,pval.adj.change.dynamics
2,16,SSFSYEPYYSTSYKR,0.921089460985249,4.65322609321721e-05
5,21,SYEPYYSTSYKRRYVET,7.75331228714907e-22,0.0004300821144089
8,21,PYYSTSYKRRYVET,1.04841050012332e-20,0.00094888323627937
9,25,YYSTSYKRRYVETPRVH,6.94278030417438e-09,4.42667987816097e-06
11,21,STSYKRRYVET,6.84398725763349e-15,0.0366786465108923
14,21,YKRRYVET,3.54439122803511e-17,0.0426939235225702
19,31,VETPRVHISSVRS,7.15992676289068e-08,0.00565040632621016
22,36,PRVHISSVRSGYSTA,1.00647021037104e-16,5.63654866880202e-05
22,40,PRVHISSVRSGYSTARSAY,3.51749961711693e-10,0.124639397930224
27,39,SSVRSGYSTARSA,0.288976041373548,0.49605302259363
27,42,SSVRSGYSTARSAYSS,2.55895730029416e-06,0.0122474567450851
30,42,RSGYSTARSAYSS,5.27712886582731e-20,6.15496964484744e-06
35,57,TARSAYSSYSAPVSSSLSVRRSY,0.020460113718443,0.133182959153715
44,51,SAPVSSSL,5.90219809264575e-06,0.370110719643921
46,51,PVSSSL,4.17879642590209e-09,0.102441087897886
46,59,PVSSSLSVRRSYSS,2.12061864718957e-10,5.90482451362484e-06
47,56,VSSSLSVRRS,0.000223391958915921,0.207192647718658
52,65,SVRRSYSSSSGSLM,3.77221012013171e-24,6.21171055627199e-05
55,67,RSYSSSSGSLMPS,4.37302831000141e-06,0.609701014217412
63,73,SLMPSLENLDL,5.60276431474472e-15,0.718165061006024
69,75,ENLDLSQ,1.86745094378801e-18,0.540395738348842
72,78,DLSQVAA,3.08087909868499e-20,0.682441944030434
76,92,VAAISNDLKSIRTQEKA,0.0303854806282887,0.826726874910434
77,90,AAISNDLKSIRTQE,2.94445172905978e-17,0.00243262420502599
78,85,AISNDLKS,3.85586978559401e-05,0.878829495561969
78,94,AISNDLKSIRTQEKAQL,6.28518147502089e-17,0.0353013973714192
79,85,ISNDLKS,1.06377851705866e-09,0.352083938470738
79,90,ISNDLKSIRTQE,2.27626119160488e-11,0.868178938425365
80,85,SNDLKS,2.59034781342625e-05,0.399480544097835
82,94,DLKSIRTQEKAQL,2.07989711227713e-11,0.671927629470826
84,94,KSIRTQEKAQL,1.62943260210549e-09,0.00270220486737184
86,94,IRTQEKAQL,4.61144876760801e-11,8.25173812706052e-05
91,99,KAQLQDLND,0.000941906532164902,7.26456124657946e-06
93,103,QLQDLNDRFAS,0.407405884051766,0.390462662265476
95,101,QDLNDRF,0.921089460985249,0.541746055246741
97,113,LNDRFASFIERVHELEQ,1.56313668939334e-20,0.927429229296854
99,109,DRFASFIERVH,0.0327817129848434,7.26456124657946e-06
104,119,FIERVHELEQQNKVLE,0.000621964956561181,1.39542511492965e-06
105,110,IERVHE,0.0245917973848664,0.388764880613912
105,119,IERVHELEQQNKVLE,0.0223281472458014,1.02625712078752e-09
107,116,RVHELEQQNK,0.257962053167804,0.00116906025436229
112,119,EQQNKVLE,0.173133179317673,1.89318766687575e-07
123,134,LVLRQKHSEPSR,1.06243815138592e-06,3.52502255471672e-05
123,135,LVLRQKHSEPSRF,9.43688846085857e-09,0.00200781257887746
124,135,VLRQKHSEPSRF,0.0581165321454073,0.489388538609807
125,135,LRQKHSEPSRF,0.0129304074909088,0.456907444396041
129,135,HSEPSRF,1.9699161651783e-07,6.81420193278733e-05
130,135,SEPSRF,1.13285857937327e-08,0.948729364345665
136,142,RALYEQE,5.14052489351668e-06,0.000182959328579285
139,145,YEQEIRD,1.22263169509398e-05,0.0478024795005542
140,145,EQEIRD,4.62465933300628e-05,0.0426939235225702
143,148,IRDLRL,0.0228369340155046,3.90209235473358e-11
146,151,LRLAAE,0.730205347195759,0.105174740143224
146,155,LRLAAEDATN,0.000178060810830116,0.000501839272578091
149,162,AAEDATNEKQALQG,0.0599002248521543,0.0807015131428699
149,167,AAEDATNEKQALQGEREGL,3.39981291247416e-09,5.46012978622927e-07
151,167,EDATNEKQALQGEREGL,1.87239504107735e-09,2.3427234296649e-07
152,170,DATNEKQALQGEREGLEET,5.63199465111471e-10,2.53913121267025e-07
160,167,LQGEREGL,3.83032748794854e-05,0.00123032781436818
160,176,LQGEREGLEETLRNLQA,6.22871296886741e-20,0.0274587788277537
161,173,QGEREGLEETLRN,3.2675229825045e-07,0.298695633560705
169,180,ETLRNLQARYEE,0.171283245910174,2.79437209480452e-06
170,176,TLRNLQA,2.76864319726551e-05,0.718165061006024
171,176,LRNLQA,0.000596787959762715,0.000407260546481143
171,180,LRNLQARYEE,0.0148405985232946,0.158974874225453
172,180,RNLQARYEE,0.0163798044482703,4.38926081216855e-09
181,192,EVLSREDAEGRL,0.640242196865489,0.401808050545858
184,192,SREDAEGRL,0.000108533458731994,0.67388704242983
184,197,SREDAEGRLMEARK,7.9479280589095e-05,0.000353741548268151
188,198,AEGRLMEARKG,1.75577816687332e-05,4.65322609321721e-05
193,203,MEARKGADEAA,9.75560961179083e-08,2.3427234296649e-07
193,204,MEARKGADEAAL,2.59299603967486e-09,5.46012978622927e-07
202,209,AALARAEL,0.00168850210341349,2.19575696257621e-11
203,209,ALARAEL,0.377074279890965,0.718165061006024
204,209,LARAEL,4.37302831000141e-06,0.0807015131428699
205,216,ARAELEKRIDSL,0.835343102377676,0.0112992998958336
210,217,EKRIDSLM,0.000938053740941605,1.24565936671089e-08
212,228,RIDSLMDEISFLKKVHE,1.66743581970907e-06,0.896623525229413
220,235,ISFLKKVHEEEIAELQ,1.59539241579782e-09,0.0719400268688871
223,234,LKKVHEEEIAEL,0.00125897584301273,0.302700847661911
235,242,QAQIQYAQ,0.00801910256644792,4.65322609321721e-05
245,259,VEMDVTKPDLSAALK,0.00583012993243224,0.718165061006024
247,256,MDVTKPDLSA,9.79046491953265e-10,0.00065112528291764
248,254,DVTKPDL,7.55810178154948e-15,0.0335694505934122
248,256,DVTKPDLSA,1.02050091806868e-09,6.3426567558031e-05
249,256,VTKPDLSA,5.3301623905373e-10,0.000102583295260114
250,256,TKPDLSA,0.000422609057600305,0.0807015131428699
251,265,KPDLSAALKDIRAQY,0.0223281472458014,2.3427234296649e-07
255,264,SAALKDIRAQ,0.665308720754372,0.000359231598991337
255,265,SAALKDIRAQY,0.000108533458731994,0.405970465688308
257,268,ALKDIRAQYEKL,8.89655594520009e-06,0.402333408978683
259,264,KDIRAQ,7.9479280589095e-05,0.513281232165399
259,265,KDIRAQY,0.000105087010142433,0.61123740659387
260,265,DIRAQY,0.0129304074909088,0.171330598771257
262,269,RAQYEKLA,0.598280808736866,0.000428780630471653
266,278,EKLAAKNMQNAEE,0.276765786553429,0.000428780630471653
269,278,AAKNMQNAEE,3.44788275420317e-08,1.63474948873938e-05
271,278,KNMQNAEE,2.64580289382411e-06,6.15496964484744e-06
278,290,EWFKSRFTVLTES,0.212591927817261,0.000102620200184739
285,296,TVLTESAAKNTD,0.16247717664423,0.568299664613386
288,307,TESAAKNTDAVRAAKDEVSE,9.61041340006028e-06,6.15496964484744e-06
290,300,SAAKNTDAVRA,0.884028256312439,0.047506398248729
290,307,SAAKNTDAVRAAKDEVSE,7.55364163877066e-05,3.40167759536051e-05
297,307,AVRAAKDEVSE,0.0196983719533743,1.62391988579767e-05
298,307,VRAAKDEVSE,3.11882409155258e-05,0.262411544793676
308,318,SRRLLKAKTLE,0.0677057987599684,0.0687524706435511
319,326,IEACRGMN,0.000428889415815473,0.0065035946397254
320,326,EACRGMN,1.14235557121436e-05,5.74831400288369e-05
321,326,ACRGMN,1.47138955992169e-05,4.0844040286709e-05
330,335,EKQLQE,0.000252848481580967,0.78257959800032
330,336,EKQLQEL,9.42130531917772e-06,0.478384571218155
337,346,EDKQNADISA,6.71314506257835e-06,2.3427234296649e-07
342,353,ADISAMQDTINK,0.730205347195759,0.718165061006024
347,357,MQDTINKLENE,2.05306113389701e-07,1.99572057612018e-05
363,376,SEMARYLKEYQDLL,1.89528119233768e-09,2.3427234296649e-07
366,371,ARYLKE,0.000970591654258397,0.0366786465108923
377,391,NVKMALDIEIAAYRK,0.0392181004111048,3.08321699525406e-12
392,409,LLEGEETRLSFTSVGSIT,5.14929971787234e-09,0.0485253970712314
403,411,TSVGSITSG,1.24931739287415e-27,1.55743708560639e-13
412,418,YSQSSQV,3.1307949404593e-21,2.53913121267025e-07
417,430,QVFGRSAYGGLQTS,5.20326795584548e-06,0.111683920318669
418,435,VFGRSAYGGLQTSSYLMS,7.13396852445366e-19,0.99400671763205
425,432,GGLQTSSY,1.91866853781838e-07,4.06052789054933e-05
437,442,RSFPSY,1.02050091806868e-09,0.00113710068600469
443,449,YTSHVQE,1.79108596534634e-27,0.215230634825592
443,450,YTSHVQEE,3.223399423988e-21,0.718165061006024
443,451,YTSHVQEEQ,2.78180816421316e-25,0.478384571218155
443,453,YTSHVQEEQIE,6.66318156588675e-25,0.00131526285584119
444,449,TSHVQE,4.52988492517612e-20,0.0325292811831859
444,450,TSHVQEE,2.18818911961846e-15,0.876028043098373
447,462,VQEEQIEVEETIEAAK,0.671094280436248,1.40246727869462e-07
448,468,QEEQIEVEETIEAAKAEEAKD,1.05363650037704e-09,4.44117003505444e-07
450,456,EQIEVEE,6.63346653719864e-23,0.0962122285593355
452,463,IEVEETIEAAKA,7.4774587456313e-11,0.0536056586048588
454,459,VEETIE,2.09822074818123e-23,0.262150349634469
455,477,EETIEAAKAEEAKDEPPSEGEAE,5.05172524381552e-23,0.545693184829121
455,488,EETIEAAKAEEAKDEPPSEGEAEEEEKDKEEAEE,2.92212598801053e-16,0.0664853072064041
457,478,TIEAAKAEEAKDEPPSEGEAEE,1.72552016697612e-16,0.00424798389836522
459,465,EAAKAEE,2.90114468959747e-05,0.298695633560705
459,486,EAAKAEEAKDEPPSEGEAEEEEKDKEEA,1.03932488407653e-22,0.740152302228868
460,477,AAKAEEAKDEPPSEGEAE,1.72511018781614e-22,0.210994492728398
460,478,AAKAEEAKDEPPSEGEAEE,1.28619017969427e-23,0.559970700218854
461,478,AKAEEAKDEPPSEGEAEE,5.55890244932545e-25,0.405312974937617
461,488,AKAEEAKDEPPSEGEAEEEEKDKEEAEE,4.62851918350918e-15,0.390462662265476
466,478,AKDEPPSEGEAEE,1.9470096074049e-23,0.0948133029408387
473,485,EGEAEEEEKDKEE,1.81773832557875e-25,0.4103145039866
479,488,EEKDKEEAEE,7.98306532138768e-18,1.02105056940693e-05
479,490,EEKDKEEAEEEE,1.81773832557875e-25,0.0536086652694811
479,491,EEKDKEEAEEEEA,0.00814479525804103,0.513368376542163
488,494,EEEAAEE,5.47162970102417e-10,0.000111708367581614
489,494,EEAAEE,2.78180816421316e-25,0.000917993824033448
489,495,EEAAEEE,2.16426926083926e-12,1.31891772210624e-11
489,496,EEAAEEEE,5.54145630731253e-22,0.209103271555437
491,497,AAEEEEA,7.00422482121279e-08,0.467815617692434
491,503,AAEEEEAAKEESE,1.17848065285452e-18,0.262150349634469
491,504,AAEEEEAAKEESEE,5.60476984897515e-21,0.87913077933982
492,503,AEEEEAAKEESE,1.66686143980703e-08,0.044464059545528
492,504,AEEEEAAKEESEE,1.12331600595387e-17,0.584653317386881
494,502,EEEAAKEES,3.26853032071983e-07,0.671927629470826
494,503,EEEAAKEESE,9.24125947501821e-13,0.298695633560705
494,504,EEEAAKEESEE,7.60757748436028e-26,0.000378333849836189
496,502,EAAKEES,1.39242379603302e-14,0.0639631382289318
497,504,AAKEESEE,3.25339424187989e-20,0.0252762255138689
498,503,AKEESE,7.18670579760336e-09,0.528857425761079
498,515,AKEESEEAKEEEEGGEGE,1.57611892030362e-21,0.718165061006024
504,518,EAKEEEEGGEGEEGE,2.30416799842449e-19,0.399480544097835
504,525,EAKEEEEGGEGEEGEETKEAEE,1.56313668939334e-20,0.0397217370695657
507,521,EEEEGGEGEEGEETK,6.52519459993424e-19,0.718165061006024
508,525,EEEGGEGEEGEETKEAEE,2.64851034325092e-19,0.221077148509692
516,522,EGEETKE,7.4849933322629e-10,0.609701014217412
516,527,EGEETKEAEEEE,0.000645343424527738,0.887211520640202
517,522,GEETKE,2.77274621515938e-11,0.868178938425365
526,543,EEKKVEGAGEEQAAKKKD,1.67883400581887e-23,0.158974874225453
531,541,EGAGEEQAAKK,0.118244009991245,0.927429229296854
538,543,AAKKKD,3.26853032071983e-07,0.666534012412757
