Start,End,Sequence,1,10,60,120,240,Sum
2,16,SSFSYEPYYSTSYKR,-0.578823,1.909921,2.704637,2.887226,2.540647,9.463608
5,21,SYEPYYSTSYKRRYVET,-2.855174,-3.084374,-3.0143990000000005,-2.971768,-3.067939,-14.993654
8,21,PYYSTSYKRRYVET,-2.4905670000000004,-2.728264,-2.7131490000000005,-2.5923200000000004,-2.719965,-13.244265
9,25,YYSTSYKRRYVETPRVH,-2.0222620000000004,-4.662650999999999,-4.84694,-4.859944999999999,-4.042644999999999,-20.434442999999998
11,21,STSYKRRYVET,-2.517457,-2.7504,-3.358253,-3.067088,-2.864674,-14.557872
14,21,YKRRYVET,-1.1948979999999998,-1.26564,-1.2318019999999998,-1.190242,-1.294777,-6.177358999999999
19,31,VETPRVHISSVRS,0.7026699999999999,1.9707350000000001,2.4770339999999997,3.4317149999999996,4.231121,12.813274999999999
22,36,PRVHISSVRSGYSTA,-1.796333,-1.990586,-1.570745,-1.7315770000000001,-1.3596179999999998,-8.448858999999999
22,40,PRVHISSVRSGYSTARSAY,-3.2674549999999996,-2.963612,-2.5142120000000006,-2.448106,-2.5506869999999995,-13.744072
27,39,SSVRSGYSTARSA,-1.629949,-1.023548,-0.970888,-0.8275370000000001,-1.368411,-5.820333
27,42,SSVRSGYSTARSAYSS,-2.7022829999999995,-3.333162,-2.830808,-3.5697470000000004,-4.163757,-16.599757
30,42,RSGYSTARSAYSS,-2.605542,-2.607088,-3.7312909999999997,-3.2790799999999996,-3.0406250000000004,-15.263626
35,57,TARSAYSSYSAPVSSSLSVRRSY,-4.96546,-4.464397,-4.196512,-5.156543000000001,-5.791778,-24.574690000000004
44,51,SAPVSSSL,-1.201485,-1.389362,-1.0954669999999997,-1.0254750000000001,-1.195442,-5.9072309999999995
46,51,PVSSSL,-1.14966,-1.037012,-1.230712,-1.2704589999999998,-0.8434329999999999,-5.531275999999999
46,59,PVSSSLSVRRSYSS,0.751111,0.23061900000000013,-0.228607,0.2983669999999998,-0.707894,0.3435959999999998
47,56,VSSSLSVRRS,0.325194,1.612033,1.752419,2.338305,1.030138,7.058089
52,65,SVRRSYSSSSGSLM,-1.8792630000000001,-1.9186770000000002,-1.953029,-1.872769,-1.8715610000000003,-9.495299000000001
55,67,RSYSSSSGSLMPS,-1.004124,-1.510203,-1.733249,-1.348946,-1.504133,-7.100655
63,73,SLMPSLENLDL,-2.3715140000000003,-2.313662,-2.2957270000000003,-2.362424,-2.381143,-11.72447
69,75,ENLDLSQ,-1.0869170000000001,-1.1339899999999998,-1.117642,-1.414121,-1.453648,-6.2063180000000004
72,78,DLSQVAA,-0.9975069999999999,-1.175868,-1.1950290000000001,-1.220789,-1.1056369999999998,-5.69483
76,92,VAAISNDLKSIRTQEKA,-1.1054780000000002,-1.0521539999999998,-0.6323670000000003,-0.7596730000000003,-1.0301349999999996,-4.579807000000001
77,90,AAISNDLKSIRTQE,-4.693632,-4.955213,-4.68959,-4.28975,-4.106279,-22.734464000000003
78,85,AISNDLKS,-2.0076650000000003,-1.790426,-1.649585,-2.791117,-3.378369,-11.617162
78,94,AISNDLKSIRTQEKAQL,-3.149161,-3.8796809999999997,-4.034928,-3.548939,-3.69754,-18.310249
79,85,ISNDLKS,-1.1687159999999999,-1.975525,-2.2742940000000003,-2.0399190000000003,-2.186338,-9.644792
79,90,ISNDLKSIRTQE,-0.7692359999999998,0.4761609999999994,0.6407760000000007,1.3065290000000003,0.6665340000000004,2.320764000000001
80,85,SNDLKS,-1.680898,-1.990456,-2.007884,-2.120806,-2.13971,-9.939754
82,94,DLKSIRTQEKAQL,-2.566529,-2.618412,-2.6048229999999997,-2.8564499999999997,-3.811278,-14.457492
84,94,KSIRTQEKAQL,-1.3530950000000002,-2.156854,-2.1164159999999996,-2.02048,-1.9692890000000003,-9.616134
86,94,IRTQEKAQL,-0.8151820000000001,-1.3528919999999998,-1.3912879999999999,-1.4610690000000002,-1.700018,-6.720449
91,99,KAQLQDLND,0.797077,-0.3021340000000001,-0.13179700000000016,0.06535599999999997,0.5576700000000003,0.986172
93,103,QLQDLNDRFAS,-1.0987550000000001,-2.037707,0.18824799999999975,-0.23607900000000015,-1.335468,-4.519761000000001
95,101,QDLNDRF,0.464245,0.07952999999999988,-0.21875500000000003,-0.2299009999999999,-0.4176770000000001,-0.3225580000000001
97,113,LNDRFASFIERVHELEQ,-4.662419000000001,-4.793029000000001,-4.749891,-4.763445999999999,-3.5151590000000006,-22.483944
99,109,DRFASFIERVH,0.03492200000000001,0.8676250000000001,1.592938,1.8930220000000002,1.6810780000000003,6.069585000000001
104,119,FIERVHELEQQNKVLE,0.5334369999999999,2.0083360000000003,3.5893020000000004,3.61958,3.419875,13.170530000000003
105,110,IERVHE,0.07994699999999999,0.422642,0.456492,0.887711,0.6237550000000001,2.470547
105,119,IERVHELEQQNKVLE,0.062363,1.3829920000000002,2.644756,3.294377,3.2973310000000002,10.681819
107,116,RVHELEQQNK,0.63468,1.283897,1.6203149999999997,1.2601680000000002,1.4311550000000002,6.230215
112,119,EQQNKVLE,0.02986800000000002,0.6329980000000001,1.481841,1.812745,1.3013259999999998,5.2587779999999995
123,134,LVLRQKHSEPSR,0.038888000000000034,0.0361530000000001,0.051273000000000124,0.10850300000000002,0.13017600000000007,0.36499300000000034
123,135,LVLRQKHSEPSRF,-0.5030149999999999,-0.23026400000000002,-0.17535499999999993,-0.3014859999999999,-0.4452419999999999,-1.6553619999999998
124,135,VLRQKHSEPSRF,-0.4302919999999999,-0.19646399999999997,-0.18816300000000008,-0.319067,-0.481112,-1.615098
125,135,LRQKHSEPSRF,-0.4033969999999999,-0.24408800000000008,-0.23515599999999992,-0.24794099999999997,-0.07118599999999997,-1.201768
129,135,HSEPSRF,0.27021800000000007,-0.05174100000000004,-0.3818379999999999,-0.7384000000000002,-1.189346,-2.091107
130,135,SEPSRF,-0.19307399999999997,-0.179018,-0.295459,-0.318103,-0.357822,-1.343476
136,142,RALYEQE,0.48686000000000007,0.42142199999999996,0.07270600000000016,0.024014999999999898,-0.18071800000000016,0.8242849999999999
139,145,YEQEIRD,0.282513,0.69551,0.750446,0.8123950000000002,0.6630169999999997,3.203881
140,145,EQEIRD,0.824481,0.8304840000000001,0.782869,0.6528079999999998,0.5332800000000002,3.6239220000000003
143,148,IRDLRL,0.06486499999999998,0.5220100000000001,0.9709029999999998,1.104929,0.9796499999999999,3.642357
146,151,LRLAAE,0.233464,0.435046,0.632115,0.306654,0.14610499999999993,1.7533839999999998
146,155,LRLAAEDATN,0.233572,1.707624,2.255586,2.139381,1.3062529999999999,7.642416000000001
149,162,AAEDATNEKQALQG,-2.107927,-1.954212,-1.6115059999999994,-2.359988,-0.8402009999999995,-8.873833999999999
149,167,AAEDATNEKQALQGEREGL,3.298762,2.6831069999999997,0.4627220000000003,-0.245965,-1.2686579999999994,4.929968000000001
151,167,EDATNEKQALQGEREGL,3.1634749999999996,2.975358,1.3943650000000005,-0.24886799999999987,0.2786409999999995,7.562971
152,170,DATNEKQALQGEREGLEET,3.684088,3.828395999999999,1.1395850000000003,0.1888810000000003,-0.684925999999999,8.156024
160,167,LQGEREGL,1.057416,1.3518109999999999,0.07966700000000015,0.03339200000000009,0.46138699999999977,2.9836729999999996
160,176,LQGEREGLEETLRNLQA,-3.6539,-3.539049,-3.5618549999999995,-3.554901,-3.4607910000000004,-17.770496
161,173,QGEREGLEETLRN,-4.778976,-3.978667,-4.340896,-2.3499849999999998,-1.4630460000000003,-16.911569999999998
169,180,ETLRNLQARYEE,0.11877700000000002,1.5608169999999997,1.159025,1.2586249999999999,0.9216400000000002,5.018884
170,176,TLRNLQA,0.570171,0.73976,0.34897,-0.24285900000000005,-0.5359679999999999,0.8800740000000001
171,176,LRNLQA,0.168186,1.156978,1.494586,1.485827,1.27443,5.580006999999999
171,180,LRNLQARYEE,-0.33513899999999996,0.738861,1.211768,0.633799,0.1918700000000002,2.4411590000000003
172,180,RNLQARYEE,0.08102999999999999,1.308636,2.4158880000000003,2.700799,2.120238,8.626591
181,192,EVLSREDAEGRL,-0.2582070000000001,0.02061499999999994,-0.7267469999999999,-2.3001129999999996,-2.096546,-5.3609979999999995
184,192,SREDAEGRL,0.298007,1.8888189999999998,1.769189,1.4218150000000003,0.8113429999999999,6.189173
184,197,SREDAEGRLMEARK,-2.4010279999999997,-3.23978,-3.293985,-3.9387010000000005,-4.660413,-17.533907
188,198,AEGRLMEARKG,-0.363574,1.003463,1.220915,1.144831,0.168193,3.173828
193,203,MEARKGADEAA,1.352106,0.7241719999999998,-0.2029169999999998,-0.8951020000000001,-1.7993350000000001,-0.8210760000000001
193,204,MEARKGADEAAL,1.3748040000000001,1.1725560000000002,0.2811469999999998,-0.46499500000000005,-0.9587080000000001,1.404804
202,209,AALARAEL,1.213265,1.492522,1.5243330000000002,1.76425,1.853775,7.848145
203,209,ALARAEL,3.0410939999999997,3.183236,1.8836210000000002,2.14134,1.4089610000000001,11.658252
204,209,LARAEL,0.17214100000000002,1.071105,1.3724669999999999,0.852228,0.3133219999999999,3.7812629999999996
205,216,ARAELEKRIDSL,-1.658772,-0.48929899999999993,-0.10121099999999972,0.167284,0.6339359999999998,-1.4480619999999997
210,217,EKRIDSLM,-0.015211000000000002,0.166058,0.40404599999999996,0.555129,0.5637110000000001,1.673733
220,235,ISFLKKVHEEEIAELQ,-3.037102,-3.0770619999999997,-2.7102250000000003,-2.595017,-3.000222,-14.419628
223,234,LKKVHEEEIAEL,0.5792140000000001,0.470345,0.6748030000000003,0.9912619999999999,2.1370060000000004,4.85263
235,242,QAQIQYAQ,0.7890349999999997,-0.3279799999999997,-0.8586109999999998,-1.1323629999999998,-1.4538990000000003,-2.983818
245,259,VEMDVTKPDLSAALK,-1.491397,-1.3519320000000001,-1.1007850000000001,-1.5991820000000003,-1.8103200000000004,-7.353616000000001
247,256,MDVTKPDLSA,-0.6000410000000003,-1.3490199999999999,-1.345205,-1.376516,-1.4400879999999998,-6.11087
248,254,DVTKPDL,-0.6605319999999999,-0.8523709999999999,-0.6087290000000001,-0.774136,-0.972498,-3.8682659999999998
248,256,DVTKPDLSA,-0.5241070000000001,-1.1343869999999998,-1.1914570000000002,-1.271749,-1.3885880000000002,-5.510288
249,256,VTKPDLSA,-0.39410900000000004,-1.091113,-1.008761,-1.076863,-0.9249970000000001,-4.495843
250,256,TKPDLSA,-0.11461900000000003,-0.5891659999999999,-0.4661090000000001,-0.5715679999999999,-0.514465,-2.255927
251,265,KPDLSAALKDIRAQY,-0.03554200000000002,1.141393,2.4344870000000003,2.784778,3.980612,10.305728
255,264,SAALKDIRAQ,-0.01058899999999996,0.76833,1.0725900000000002,0.883025,0.5921620000000001,3.305518
255,265,SAALKDIRAQY,0.40517000000000003,2.003724,1.6835010000000006,1.4404290000000004,2.696336,8.229160000000002
257,268,ALKDIRAQYEKL,0.3826940000000001,0.44922099999999987,0.16382399999999997,-0.7603019999999998,-0.951632,-0.7161949999999999
259,264,KDIRAQ,0.20758699999999997,1.0308579999999998,0.5229949999999999,0.19064100000000006,-0.13634999999999997,1.8157309999999998
259,265,KDIRAQY,0.32944899999999994,1.4061599999999999,1.399397,1.727784,1.459075,6.321864999999999
260,265,DIRAQY,-0.005649000000000015,1.159732,1.3638249999999998,1.463903,0.6236289999999999,4.60544
262,269,RAQYEKLA,0.009319999999999998,0.20006500000000002,0.004164999999999974,0.22668000000000005,0.3429,0.78313
266,278,EKLAAKNMQNAEE,-0.030527000000000193,-1.0679869999999996,-1.37324,-1.6553020000000007,-1.95904,-6.086096
269,278,AAKNMQNAEE,-0.6186240000000001,-1.579573,-1.6415160000000002,-1.7706199999999996,-1.8880950000000003,-7.4984280000000005
271,278,KNMQNAEE,-0.46836199999999995,-1.3709189999999998,-1.45329,-1.3544550000000002,-1.7078190000000002,-6.354845000000001
278,290,EWFKSRFTVLTES,-0.7290510000000001,-0.2427299999999999,0.006767999999999219,0.45105400000000007,0.9078759999999999,0.3939169999999992
285,296,TVLTESAAKNTD,-2.5883789999999998,-1.8029130000000002,-1.0830529999999996,-2.449069,-2.723801,-10.647215
288,307,TESAAKNTDAVRAAKDEVSE,-0.8252860000000002,-3.2893220000000003,-3.5835029999999994,-3.6325210000000006,-3.981299000000001,-15.311931000000001
290,300,SAAKNTDAVRA,-2.224481,-3.0410880000000002,-2.165972,-2.7324779999999995,-2.209643,-12.373662
290,307,SAAKNTDAVRAAKDEVSE,-0.7835310000000009,-2.9631380000000007,-3.0233350000000003,-3.441477,-4.059986,-14.271467000000003
297,307,AVRAAKDEVSE,-1.6961420000000003,-2.913641,-3.0622750000000005,-3.482061,-2.826573,-13.980692000000001
298,307,VRAAKDEVSE,-1.8573240000000002,-1.3067919999999997,-0.851877,-0.714569,-1.771747,-6.502309
308,318,SRRLLKAKTLE,-0.9519939999999999,-2.057042,-2.724221,-3.256824,-3.251779,-12.241859999999999
319,326,IEACRGMN,0.16244199999999998,-0.9111790000000001,-1.406539,-1.4166500000000002,-1.1542740000000002,-4.7262
320,326,EACRGMN,0.8639870000000001,0.7072119999999997,0.029840999999999784,-0.41816999999999993,-0.5375180000000002,0.6453519999999995
321,326,ACRGMN,0.7951619999999999,0.8992229999999999,0.31537800000000016,0.6600689999999998,1.0484980000000004,3.71833
330,335,EKQLQE,0.269395,1.264181,0.7384709999999999,1.2131470000000002,1.0437079999999999,4.5289019999999995
330,336,EKQLQEL,0.353451,1.713434,1.688682,1.641262,1.222877,6.619706000000001
337,346,EDKQNADISA,1.3110800000000002,0.1759900000000001,-0.6828559999999997,-0.9664919999999997,-1.460646,-1.6229239999999991
342,353,ADISAMQDTINK,-1.0114960000000002,0.02484099999999989,-0.6901800000000002,-0.8797780000000002,-1.323617,-3.8802300000000005
347,357,MQDTINKLENE,-1.616876,-0.9416249999999999,-1.564624,-0.8663609999999999,-0.5127109999999999,-5.502196999999999
363,376,SEMARYLKEYQDLL,3.0653679999999994,2.5364430000000002,0.5934210000000002,-0.10874800000000029,-1.0952859999999998,4.991198
366,371,ARYLKE,0.212759,1.067683,0.560595,0.25848400000000016,-0.14877600000000002,1.9507450000000002
377,391,NVKMALDIEIAAYRK,3.3457049999999997,4.114966,4.623781999999999,4.463007999999999,4.4840539999999995,21.031515
392,409,LLEGEETRLSFTSVGSIT,-3.4622179999999996,-3.3728849999999997,-3.4540219999999993,-3.4589279999999993,-3.309017,-17.05707
403,411,TSVGSITSG,-1.595446,-1.5104570000000002,-1.3528639999999998,-1.3545920000000002,-1.3335,-7.146859
412,418,YSQSSQV,-1.1027810000000002,-1.075639,-1.000939,-0.9610830000000001,-0.9259809999999999,-5.066423
417,430,QVFGRSAYGGLQTS,0.245054,1.12873,1.7595910000000001,1.9437630000000001,1.9030969999999998,6.9802349999999995
418,435,VFGRSAYGGLQTSSYLMS,-3.3814520000000003,-2.1158529999999995,-2.95152,-2.867076,-3.136637,-14.452538
425,432,GGLQTSSY,-0.5468969999999997,-1.043686,-1.0514910000000002,-0.7087059999999998,-0.699965,-4.050745
437,442,RSFPSY,-0.7285850000000001,-0.583807,-0.644668,-0.6783069999999999,-0.67262,-3.307987
443,449,YTSHVQE,-0.946594,-0.9948739999999999,-0.9675720000000001,-1.0131830000000002,-1.014078,-4.936301
443,450,YTSHVQEE,-1.074679,-1.1543960000000002,-1.1185749999999999,-1.1782779999999997,-1.3174649999999999,-5.843392999999999
443,451,YTSHVQEEQ,-1.3529399999999998,-1.475065,-1.407181,-1.4871159999999999,-1.470223,-7.192525000000001
443,453,YTSHVQEEQIE,-1.831892,-1.9979979999999997,-1.899514,-1.611201,-1.9729400000000001,-9.313545
444,450,TSHVQEE,-0.868006,-0.8875590000000001,-0.8803290000000001,-0.698178,-0.956969,-4.291041
447,462,VQEEQIEVEETIEAAK,0.16823599999999939,-2.0588480000000002,-3.6615450000000003,-4.321568,-4.292248,-14.165973000000001
448,468,QEEQIEVEETIEAAKAEEAKD,3.2846569999999997,3.422809,-0.05893200000000043,-1.8151769999999994,-3.772455,1.0609020000000005
450,456,EQIEVEE,-1.093573,-1.3888340000000001,-1.202845,-1.4231000000000003,-1.2520710000000002,-6.360423
452,463,IEVEETIEAAKA,-2.007807,-2.108614,-2.193712,-2.1081410000000003,-2.819706,-11.23798
454,459,VEETIE,-0.998752,-1.025788,-0.988181,-1.0423660000000001,-1.0920860000000001,-5.147173
455,477,EETIEAAKAEEAKDEPPSEGEAE,-5.304729000000001,-5.547027999999999,-5.022511,-5.644072,-4.867847,-26.386187
455,488,EETIEAAKAEEAKDEPPSEGEAEEEEKDKEEAEE,-8.081067000000001,-9.137971,-9.098446,-8.980762000000002,-9.356141000000001,-44.65438700000001
457,478,TIEAAKAEEAKDEPPSEGEAEE,-4.591264000000001,-5.111296,-4.574337,-4.37313,-3.0564810000000007,-21.706508000000003
459,465,EAAKAEE,-1.329526,-1.3718560000000002,-1.463741,-1.334499,-1.690931,-7.190553
459,486,EAAKAEEAKDEPPSEGEAEEEEKDKEEA,-6.459531999999999,-6.92759,-6.882846,-7.026476,-7.138870000000001,-34.435314
460,477,AAKAEEAKDEPPSEGEAE,-3.075598,-3.41988,-3.503813,-3.3845050000000003,-3.3779080000000006,-16.761704
460,478,AAKAEEAKDEPPSEGEAEE,-3.2622619999999998,-3.249678,-3.324722,-3.593919,-3.671847,-17.102428
461,478,AKAEEAKDEPPSEGEAEE,-2.945921,-3.209875,-3.2205830000000004,-3.234221,-3.517996,-16.128596
461,488,AKAEEAKDEPPSEGEAEEEEKDKEEAEE,-5.483262000000001,-6.1258870000000005,-6.426416000000001,-6.467593000000001,-6.729232,-31.232390000000002
466,478,AKDEPPSEGEAEE,-1.8772590000000002,-2.103001,-1.9240889999999997,-2.1907389999999998,-2.116054,-10.211142
473,485,EGEAEEEEKDKEE,-3.752973,-4.055111999999999,-4.061672,-4.1006409999999995,-4.358445,-20.328843
479,488,EEKDKEEAEE,-1.5772920000000001,-1.6544249999999998,-1.6930370000000001,-1.7771800000000002,-1.813945,-8.515879
479,490,EEKDKEEAEEEE,-2.33844,-2.495458,-2.53179,-2.5035610000000004,-2.6563539999999994,-12.525603
479,491,EEKDKEEAEEEEA,-3.348778,-3.7607559999999998,-3.5614630000000003,-3.567568,-3.4974010000000004,-17.735966
488,494,EEEAAEE,-1.319374,-1.3824049999999999,-1.3753890000000002,-1.3738930000000003,-1.618881,-7.069942000000001
489,494,EEAAEE,-0.96733,-1.0501839999999998,-1.050688,-1.073004,-1.125102,-5.266308
489,495,EEAAEEE,0.6671860000000001,1.123269,0.6898570000000002,0.8140840000000003,-0.01798299999999986,3.2764130000000007
489,496,EEAAEEEE,-1.493224,-1.579077,-1.588476,-1.7394429999999999,-1.737205,-8.137425
491,497,AAEEEEA,-0.9777419999999999,-1.1655879999999998,-1.0225780000000002,-1.4469900000000002,-1.027351,-5.640249000000001
491,503,AAEEEEAAKEESE,-3.1731640000000003,-3.3226029999999995,-3.617738,-3.85095,-2.99332,-16.957775
491,504,AAEEEEAAKEESEE,-3.806484,-4.017004,-3.9534300000000004,-3.713883,-4.1963349999999995,-19.687136000000002
492,503,AEEEEAAKEESE,-1.66539,-1.983995,-1.9142059999999999,-2.00626,-1.9555209999999998,-9.525371999999999
492,504,AEEEEAAKEESEE,-3.2188540000000003,-3.1956089999999997,-2.125951,-2.442706,-1.7179640000000003,-12.701084
494,502,EEEAAKEES,-2.039539,-1.876523,-2.141249,-2.313655,-2.022785,-10.393750999999998
494,503,EEEAAKEESE,-2.325577,-2.162771,-2.734897,-2.454797,-2.3222699999999996,-12.000312000000001
494,504,EEEAAKEESEE,-1.9582900000000003,-2.375485,-2.3004879999999996,-2.718395,-3.2720449999999994,-12.624703
496,502,EAAKEES,-1.5106609999999998,-1.627895,-1.2235859999999998,-1.535471,-1.9994389999999997,-7.8970519999999995
497,504,AAKEESEE,-1.6342750000000001,-1.733038,-1.756571,-1.7243670000000002,-1.827649,-8.6759
498,503,AKEESE,-1.547158,-1.543382,-1.626939,-1.2907089999999999,-0.7613380000000001,-6.769526
498,515,AKEESEEAKEEEEGGEGE,-2.897589,-3.171321,-2.9523919999999997,-3.2989330000000003,-3.771148,-16.091383
504,518,EAKEEEEGGEGEEGE,-2.2274260000000004,-2.41582,-2.409693,-2.344126,-3.394662,-12.791727000000002
504,525,EAKEEEEGGEGEEGEETKEAEE,-4.785877,-5.175576000000001,-4.982705999999999,-5.434229,-5.417406999999999,-25.795795
507,521,EEEEGGEGEEGEETK,-2.08249,-2.3886909999999997,-2.2162990000000002,-2.5586749999999996,-3.085516,-12.331671
508,525,EEEGGEGEEGEETKEAEE,-3.323232,-3.5768839999999997,-3.545928,-3.600818,-3.851487,-17.898349
516,522,EGEETKE,-2.1046660000000004,-1.312385,-1.4125249999999998,-0.8514499999999998,-1.459735,-7.140761
516,527,EGEETKEAEEEE,-2.6598900000000003,-2.7213259999999995,-2.491102,-2.1364029999999996,-3.6762500000000005,-13.684971
517,522,GEETKE,-1.467519,-1.390815,-1.496323,-1.4067120000000002,-2.279011,-8.04038
526,543,EEKKVEGAGEEQAAKKKD,-3.960745,-3.9162039999999996,-3.969923,-3.972808,-4.083874,-19.903554
531,541,EGAGEEQAAKK,-0.578432,-0.5072840000000001,-0.8253280000000001,-1.425761,-1.4527170000000003,-4.789522
538,543,AAKKKD,-2.0770160000000004,-1.353399,-1.7364929999999998,-1.4587139999999998,-1.0060590000000003,-7.631681
